_id;title;sold
61ab420c0f34753bcedfa787;special cotton shirt for men;22
61ab42600f34753bcedfa78b;high quality men distress skinny blue jeans;30
61ab42790f34753bcedfa78f;cotton o neck mens clothing t shirts;0
61ab42d00f34753bcedfa79e;cotton pullover embroidery sweatshirt women;17
61ab42e90f34753bcedfa7a2;breast button belt sur collar winter coat women;48
61ab431c0f34753bcedfa7a6;running sneaker;15
61ab43350f34753bcedfa7aa;men casual shoes sports running sneakers;56
61ab434b0f34753bcedfa7ae;premium leather matt black casual boot;36
61ab44f40f34753bcedfa819;waterproof fitness racker sports watch;50
61ab450a0f34753bcedfa81d;bracelet blood pressure sport fitness smartwatch;0
61ab47110f34753bcedfa83f;Sceptre LED  curved 2xHDMI display port monitor;56
61ab472c0f34753bcedfa843;ASUS Full HD HDMI Sync Eye Care eSports Gaming Monitor;1
61ab475a0f34753bcedfa847;iphone 13 pro black color 512gb storage;58
61ab47c20f34753bcedfa853;Dual 3G Phone Call Octa Core 10 Inch Android Tablet;53
61ab47e70f34753bcedfa857;RGB Gaming Chair with Lights and Speakers;69
61ab47fd0f34753bcedfa85b;Bed Storage Leather Italian Furniture Sofa Luxury;23
61ab48350f34753bcedfa862;electrical maintenance tools kit boxes with plastic box;5
61ab484d0f34753bcedfa866;Drill Tool Set High Quality Powerful Multifunction Portable Drill;24
61ab68a30f34753bcedfa898;heart rate monitor gps fitness smartwatch;56
61ebbfe64efdea94da60a734;men Shoes;12